video_id,published_date,video_title,video_description,likes,views,comment_count
zbJBHexufjg,2020-04-13,Khi Team Châu Phi Muốn Làm Dance,"► Mua Áo Của Team Châu Phi : https://shopee.vn/quanglinhstore
► Mua Nước Hoa Tại: https://www.facebook.com/quanglinhstore
Liên Hệ Đóng Góp Ý Kiến Cho Nhóm
► Zalo Angola : +244 949028888 ( Phạm Quang Linh )
► Zalo Việt Nam : +84 986881994 ( Trần Chí Tâm )
► Mail: pqlmmo@gmail.com
► FanPage Chính Chủ: https://www.facebook.com/QuangLinhVlogss
► FaceBook Cá Nhân : https://www.facebook.com/PhamQuangLinh1997Vlogs

► Cảm ơn các bạn đã xem clip của tôi. Hãy nhấn đăng ký để ủng hộ mình nhé !
► Kênh hứa hẹn sẽ tạo ra những Video hay nhất cho các bạn xem !
Cảm ơn các bạn đã xem. Tôi yêu các bạn rất nhiều !
#TeamChâuphi  #quanglinhvlogs #lindo

✪ Copyright © #Quanglinhvlogs",110044,2266176,3018
gs7uXK5ukX8,2020-04-13,Khi Team Châu Phi Muốn Làm Dance,"► Mua Áo Của Team Châu Phi : https://shopee.vn/quanglinhstore
► Mua Nước Hoa Tại: https://www.facebook.com/quanglinhstore
Liên Hệ Đóng Góp Ý Kiến Cho Nhóm
► Zalo Angola : +244 949028888 ( Phạm Quang Linh )
► Zalo Việt Nam : +84 986881994 ( Trần Chí Tâm )
► Mail: pqlmmo@gmail.com
► FanPage Chính Chủ: https://www.facebook.com/QuangLinhVlogss
► FaceBook Cá Nhân : https://www.facebook.com/PhamQuangLinh1997Vlogs

► Cảm ơn các bạn đã xem clip của tôi. Hãy nhấn đăng ký để ủng hộ mình nhé !
► Kênh hứa hẹn sẽ tạo ra những Video hay nhất cho các bạn xem !
Cảm ơn các bạn đã xem. Tôi yêu các bạn rất nhiều !
#TeamChâuphi  #quanglinhvlogs #lindo

✪ Copyright © #Quanglinhvlogs",64236,1675237,1018
-W1lNGsDFfE,2022-06-14,Trồng Lúa Thử Nghiệm Tại Quang Linh Farm - Theo Dõi Chặt Chẽ và Nghiên Cứu Quá Trình Phát Triển,"► Mua Áo Của Team Châu Phi : https://shopee.vn/quanglinhstore
► Mua Nước Hoa Tại: https://www.facebook.com/quanglinhstore
Liên Hệ Đóng Góp Ý Kiến Cho Nhóm
► Zalo Angola : +244 949028888 ( Phạm Quang Linh )
► Zalo Việt Nam : +84 986881994 ( Trần Chí Tâm )
► Mail: pqlmmo@gmail.com
► FanPage Chính Chủ: https://www.facebook.com/QuangLinhVlogss
► FaceBook Cá Nhân : https://www.facebook.com/PhamQuangLinh1997Vlogs

► Cảm ơn các bạn đã xem clip của tôi. Hãy nhấn đăng ký để ủng hộ mình nhé !
► Kênh hứa hẹn sẽ tạo ra những Video hay nhất cho các bạn xem !
Cảm ơn các bạn đã xem. Tôi yêu các bạn rất nhiều !
#TeamChâuphi  #quanglinhvlogs #lindo

✪ Copyright © #Quanglinhvlogs",38602,1848231,2623
q1y7tkG4Wi4,2023-02-12,Bán Hết Toàn Bộ Dê Tại Quang Linh Farm ? Lý Do Gì ? Chuyển Đổi Tạm Mô Hình,"► Mua Áo Của Team Châu Phi : https://shopee.vn/quanglinhstore
► Mua Nước Hoa Tại: https://www.facebook.com/quanglinhstore
Liên Hệ Đóng Góp Ý Kiến Cho Nhóm
► Zalo Angola : +244 949028888 ( Phạm Quang Linh )
► Zalo Việt Nam : +84 986881994 ( Trần Chí Tâm )
► Mail: pqlmmo@gmail.com
► FanPage Chính Chủ: https://www.facebook.com/QuangLinhVlogss
► FaceBook Cá Nhân : https://www.facebook.com/PhamQuangLinh1997Vlogs

► Cảm ơn các bạn đã xem clip của tôi. Hãy nhấn đăng ký để ủng hộ mình nhé !
► Kênh hứa hẹn sẽ tạo ra những Video hay nhất cho các bạn xem !
Cảm ơn các bạn đã xem. Tôi yêu các bạn rất nhiều !
#TeamChâuphi  #quanglinhvlogs #lindo

✪ Copyright © #Quanglinhvlogs",38409,856582,1361
vw4luUkmEG0,2022-09-09,Hình Ảnh Toàn Cảnh Cánh Đồng Rộng Lớn Như Việt Nam Xuất Hiện ở Châu Phi,"► Mua Áo Của Team Châu Phi : https://shopee.vn/quanglinhstore
► Mua Nước Hoa Tại: https://www.facebook.com/quanglinhstore
Liên Hệ Đóng Góp Ý Kiến Cho Nhóm
► Zalo Angola : +244 949028888 ( Phạm Quang Linh )
► Zalo Việt Nam : +84 986881994 ( Trần Chí Tâm )
► Mail: pqlmmo@gmail.com
► FanPage Chính Chủ: https://www.facebook.com/QuangLinhVlogss
► FaceBook Cá Nhân : https://www.facebook.com/PhamQuangLinh1997Vlogs

► Cảm ơn các bạn đã xem clip của tôi. Hãy nhấn đăng ký để ủng hộ mình nhé !
► Kênh hứa hẹn sẽ tạo ra những Video hay nhất cho các bạn xem !
Cảm ơn các bạn đã xem. Tôi yêu các bạn rất nhiều !
#TeamChâuphi  #quanglinhvlogs #lindo

✪ Copyright © #Quanglinhvlogs",38845,812142,2208
va0KXxm7H7o,2022-09-09,Hình Ảnh Toàn Cảnh Cánh Đồng Rộng Lớn Như Việt Nam Xuất Hiện ở Châu Phi,"► Mua Áo Của Team Châu Phi : https://shopee.vn/quanglinhstore
► Mua Nước Hoa Tại: https://www.facebook.com/quanglinhstore
Liên Hệ Đóng Góp Ý Kiến Cho Nhóm
► Zalo Angola : +244 949028888 ( Phạm Quang Linh )
► Zalo Việt Nam : +84 986881994 ( Trần Chí Tâm )
► Mail: pqlmmo@gmail.com
► FanPage Chính Chủ: https://www.facebook.com/QuangLinhVlogss
► FaceBook Cá Nhân : https://www.facebook.com/PhamQuangLinh1997Vlogs

► Cảm ơn các bạn đã xem clip của tôi. Hãy nhấn đăng ký để ủng hộ mình nhé !
► Kênh hứa hẹn sẽ tạo ra những Video hay nhất cho các bạn xem !
Cảm ơn các bạn đã xem. Tôi yêu các bạn rất nhiều !
#TeamChâuphi  #quanglinhvlogs #lindo

✪ Copyright © #Quanglinhvlogs",48898,1174899,2042
wNfVIhSsjnU,2022-09-27,Khách Buôn Ập Vào Quang Linh Farm Đòi Mua Hết Bắp Cải - Khoai Tây - Hành !!!,"► Mua Áo Của Team Châu Phi : https://shopee.vn/quanglinhstore
► Mua Nước Hoa Tại: https://www.facebook.com/quanglinhstore
Liên Hệ Đóng Góp Ý Kiến Cho Nhóm
► Zalo Angola : +244 949028888 ( Phạm Quang Linh )
► Zalo Việt Nam : +84 986881994 ( Trần Chí Tâm )
► Mail: pqlmmo@gmail.com
► FanPage Chính Chủ: https://www.facebook.com/QuangLinhVlogss
► FaceBook Cá Nhân : https://www.facebook.com/PhamQuangLinh1997Vlogs

► Cảm ơn các bạn đã xem clip của tôi. Hãy nhấn đăng ký để ủng hộ mình nhé !
► Kênh hứa hẹn sẽ tạo ra những Video hay nhất cho các bạn xem !
Cảm ơn các bạn đã xem. Tôi yêu các bạn rất nhiều !
#TeamChâuphi  #quanglinhvlogs #lindo

✪ Copyright © #Quanglinhvlogs",83757,2697777,4119
v0hREjnfRtE,2024-03-31,200 Sọt Khoai  - Thương Lái Thu Mua Số Lượng Khoai Lang Khổng Lồ Của Farm,"► Mua Áo Của Team Châu Phi : https://shopee.vn/quanglinhstore
► Mua Nước Hoa Tại: https://www.facebook.com/quanglinhstore
Liên Hệ Đóng Góp Ý Kiến Cho Nhóm
► Zalo Angola : +244 949028888 ( Phạm Quang Linh )
► Zalo Việt Nam : +84 986881994 ( Trần Chí Tâm )
► Mail: pqlmmo@gmail.com
► FanPage Chính Chủ: https://www.facebook.com/QuangLinhVlogss
► FaceBook Cá Nhân : https://www.facebook.com/PhamQuangLinh1997Vlogs

► Cảm ơn các bạn đã xem clip của tôi. Hãy nhấn đăng ký để ủng hộ mình nhé !
► Kênh hứa hẹn sẽ tạo ra những Video hay nhất cho các bạn xem !
Cảm ơn các bạn đã xem. Tôi yêu các bạn rất nhiều !
#TeamChâuphi  #quanglinhvlogs #lindo

✪ Copyright © #Quanglinhvlogs",41143,1292320,2071
rbYAG-e1w7g,2022-06-14,Trồng Lúa Thử Nghiệm Tại Quang Linh Farm - Theo Dõi Chặt Chẽ và Nghiên Cứu Quá Trình Phát Triển,"► Mua Áo Của Team Châu Phi : https://shopee.vn/quanglinhstore
► Mua Nước Hoa Tại: https://www.facebook.com/quanglinhstore
Liên Hệ Đóng Góp Ý Kiến Cho Nhóm
► Zalo Angola : +244 949028888 ( Phạm Quang Linh )
► Zalo Việt Nam : +84 986881994 ( Trần Chí Tâm )
► Mail: pqlmmo@gmail.com
► FanPage Chính Chủ: https://www.facebook.com/QuangLinhVlogss
► FaceBook Cá Nhân : https://www.facebook.com/PhamQuangLinh1997Vlogs

► Cảm ơn các bạn đã xem clip của tôi. Hãy nhấn đăng ký để ủng hộ mình nhé !
► Kênh hứa hẹn sẽ tạo ra những Video hay nhất cho các bạn xem !
Cảm ơn các bạn đã xem. Tôi yêu các bạn rất nhiều !
#TeamChâuphi  #quanglinhvlogs #lindo

✪ Copyright © #Quanglinhvlogs",41921,1064685,1895
YoJ33Nc-1vI,2023-04-02,Ca Sĩ Nhí “Xuân Lôi” Thu Âm Tại Studio và Ban Cố Vấn Âm Nhạc Cực Bất Ổn !,"► Mua Áo Của Team Châu Phi : https://shopee.vn/quanglinhstore
► Mua Nước Hoa Tại: https://www.facebook.com/quanglinhstore
Liên Hệ Đóng Góp Ý Kiến Cho Nhóm
► Zalo Angola : +244 949028888 ( Phạm Quang Linh )
► Zalo Việt Nam : +84 986881994 ( Trần Chí Tâm )
► Mail: pqlmmo@gmail.com
► FanPage Chính Chủ: https://www.facebook.com/QuangLinhVlogss
► FaceBook Cá Nhân : https://www.facebook.com/PhamQuangLinh1997Vlogs

► Cảm ơn các bạn đã xem clip của tôi. Hãy nhấn đăng ký để ủng hộ mình nhé !
► Kênh hứa hẹn sẽ tạo ra những Video hay nhất cho các bạn xem !
Cảm ơn các bạn đã xem. Tôi yêu các bạn rất nhiều !
#TeamChâuphi  #quanglinhvlogs #lindo

✪ Copyright © #Quanglinhvlogs",45935,1785557,2485
HOja-8CRJps,2023-02-12,Bán Hết Toàn Bộ Dê Tại Quang Linh Farm ? Lý Do Gì ? Chuyển Đổi Tạm Mô Hình,"► Mua Áo Của Team Châu Phi : https://shopee.vn/quanglinhstore
► Mua Nước Hoa Tại: https://www.facebook.com/quanglinhstore
Liên Hệ Đóng Góp Ý Kiến Cho Nhóm
► Zalo Angola : +244 949028888 ( Phạm Quang Linh )
► Zalo Việt Nam : +84 986881994 ( Trần Chí Tâm )
► Mail: pqlmmo@gmail.com
► FanPage Chính Chủ: https://www.facebook.com/QuangLinhVlogss
► FaceBook Cá Nhân : https://www.facebook.com/PhamQuangLinh1997Vlogs

► Cảm ơn các bạn đã xem clip của tôi. Hãy nhấn đăng ký để ủng hộ mình nhé !
► Kênh hứa hẹn sẽ tạo ra những Video hay nhất cho các bạn xem !
Cảm ơn các bạn đã xem. Tôi yêu các bạn rất nhiều !
#TeamChâuphi  #quanglinhvlogs #lindo

✪ Copyright © #Quanglinhvlogs",32049,995237,1962
QAMNppWA8fs,2022-09-27,Khách Buôn Ập Vào Quang Linh Farm Đòi Mua Hết Bắp Cải - Khoai Tây - Hành !!!,"► Mua Áo Của Team Châu Phi : https://shopee.vn/quanglinhstore
► Mua Nước Hoa Tại: https://www.facebook.com/quanglinhstore
Liên Hệ Đóng Góp Ý Kiến Cho Nhóm
► Zalo Angola : +244 949028888 ( Phạm Quang Linh )
► Zalo Việt Nam : +84 986881994 ( Trần Chí Tâm )
► Mail: pqlmmo@gmail.com
► FanPage Chính Chủ: https://www.facebook.com/QuangLinhVlogss
► FaceBook Cá Nhân : https://www.facebook.com/PhamQuangLinh1997Vlogs

► Cảm ơn các bạn đã xem clip của tôi. Hãy nhấn đăng ký để ủng hộ mình nhé !
► Kênh hứa hẹn sẽ tạo ra những Video hay nhất cho các bạn xem !
Cảm ơn các bạn đã xem. Tôi yêu các bạn rất nhiều !
#TeamChâuphi  #quanglinhvlogs #lindo

✪ Copyright © #Quanglinhvlogs",20441,582144,536
zDHDgX4RNAM,2022-09-16,Tặng Cho Gia Đình Lôi Con Thứ Không Thể Thiếu Khi Đi Du Lịch Về Việt Nam ?,"► Mua Áo Của Team Châu Phi : https://shopee.vn/quanglinhstore
► Mua Nước Hoa Tại: https://www.facebook.com/quanglinhstore
Liên Hệ Đóng Góp Ý Kiến Cho Nhóm
► Zalo Angola : +244 949028888 ( Phạm Quang Linh )
► Zalo Việt Nam : +84 986881994 ( Trần Chí Tâm )
► Mail: pqlmmo@gmail.com
► FanPage Chính Chủ: https://www.facebook.com/QuangLinhVlogss
► FaceBook Cá Nhân : https://www.facebook.com/PhamQuangLinh1997Vlogs

► Cảm ơn các bạn đã xem clip của tôi. Hãy nhấn đăng ký để ủng hộ mình nhé !
► Kênh hứa hẹn sẽ tạo ra những Video hay nhất cho các bạn xem !
Cảm ơn các bạn đã xem. Tôi yêu các bạn rất nhiều !
#TeamChâuphi  #quanglinhvlogs #lindo

✪ Copyright © #Quanglinhvlogs",32932,738358,1104
V5NfUYofC90,2022-09-09,Hình Ảnh Toàn Cảnh Cánh Đồng Rộng Lớn Như Việt Nam Xuất Hiện ở Châu Phi,"► Mua Áo Của Team Châu Phi : https://shopee.vn/quanglinhstore
► Mua Nước Hoa Tại: https://www.facebook.com/quanglinhstore
Liên Hệ Đóng Góp Ý Kiến Cho Nhóm
► Zalo Angola : +244 949028888 ( Phạm Quang Linh )
► Zalo Việt Nam : +84 986881994 ( Trần Chí Tâm )
► Mail: pqlmmo@gmail.com
► FanPage Chính Chủ: https://www.facebook.com/QuangLinhVlogss
► FaceBook Cá Nhân : https://www.facebook.com/PhamQuangLinh1997Vlogs

► Cảm ơn các bạn đã xem clip của tôi. Hãy nhấn đăng ký để ủng hộ mình nhé !
► Kênh hứa hẹn sẽ tạo ra những Video hay nhất cho các bạn xem !
Cảm ơn các bạn đã xem. Tôi yêu các bạn rất nhiều !
#TeamChâuphi  #quanglinhvlogs #lindo

✪ Copyright © #Quanglinhvlogs",41478,1072158,2922
LuuzLpK_pQ4,2022-09-16,Tặng Cho Gia Đình Lôi Con Thứ Không Thể Thiếu Khi Đi Du Lịch Về Việt Nam ?,"► Mua Áo Của Team Châu Phi : https://shopee.vn/quanglinhstore
► Mua Nước Hoa Tại: https://www.facebook.com/quanglinhstore
Liên Hệ Đóng Góp Ý Kiến Cho Nhóm
► Zalo Angola : +244 949028888 ( Phạm Quang Linh )
► Zalo Việt Nam : +84 986881994 ( Trần Chí Tâm )
► Mail: pqlmmo@gmail.com
► FanPage Chính Chủ: https://www.facebook.com/QuangLinhVlogss
► FaceBook Cá Nhân : https://www.facebook.com/PhamQuangLinh1997Vlogs

► Cảm ơn các bạn đã xem clip của tôi. Hãy nhấn đăng ký để ủng hộ mình nhé !
► Kênh hứa hẹn sẽ tạo ra những Video hay nhất cho các bạn xem !
Cảm ơn các bạn đã xem. Tôi yêu các bạn rất nhiều !
#TeamChâuphi  #quanglinhvlogs #lindo

✪ Copyright © #Quanglinhvlogs",34361,609951,1797
UQZAe6INVZw,2022-09-27,Khách Buôn Ập Vào Quang Linh Farm Đòi Mua Hết Bắp Cải - Khoai Tây - Hành !!!,"► Mua Áo Của Team Châu Phi : https://shopee.vn/quanglinhstore
► Mua Nước Hoa Tại: https://www.facebook.com/quanglinhstore
Liên Hệ Đóng Góp Ý Kiến Cho Nhóm
► Zalo Angola : +244 949028888 ( Phạm Quang Linh )
► Zalo Việt Nam : +84 986881994 ( Trần Chí Tâm )
► Mail: pqlmmo@gmail.com
► FanPage Chính Chủ: https://www.facebook.com/QuangLinhVlogss
► FaceBook Cá Nhân : https://www.facebook.com/PhamQuangLinh1997Vlogs

► Cảm ơn các bạn đã xem clip của tôi. Hãy nhấn đăng ký để ủng hộ mình nhé !
► Kênh hứa hẹn sẽ tạo ra những Video hay nhất cho các bạn xem !
Cảm ơn các bạn đã xem. Tôi yêu các bạn rất nhiều !
#TeamChâuphi  #quanglinhvlogs #lindo

✪ Copyright © #Quanglinhvlogs",31830,574250,4504
3Zg6TyYtec4,2022-09-16,Tặng Cho Gia Đình Lôi Con Thứ Không Thể Thiếu Khi Đi Du Lịch Về Việt Nam ?,"► Mua Áo Của Team Châu Phi : https://shopee.vn/quanglinhstore
► Mua Nước Hoa Tại: https://www.facebook.com/quanglinhstore
Liên Hệ Đóng Góp Ý Kiến Cho Nhóm
► Zalo Angola : +244 949028888 ( Phạm Quang Linh )
► Zalo Việt Nam : +84 986881994 ( Trần Chí Tâm )
► Mail: pqlmmo@gmail.com
► FanPage Chính Chủ: https://www.facebook.com/QuangLinhVlogss
► FaceBook Cá Nhân : https://www.facebook.com/PhamQuangLinh1997Vlogs

► Cảm ơn các bạn đã xem clip của tôi. Hãy nhấn đăng ký để ủng hộ mình nhé !
► Kênh hứa hẹn sẽ tạo ra những Video hay nhất cho các bạn xem !
Cảm ơn các bạn đã xem. Tôi yêu các bạn rất nhiều !
#TeamChâuphi  #quanglinhvlogs #lindo

✪ Copyright © #Quanglinhvlogs",33503,368200,1278
JKY5zF8BRDA,2022-09-09,Hình Ảnh Toàn Cảnh Cánh Đồng Rộng Lớn Như Việt Nam Xuất Hiện ở Châu Phi,"► Mua Áo Của Team Châu Phi : https://shopee.vn/quanglinhstore
► Mua Nước Hoa Tại: https://www.facebook.com/quanglinhstore
Liên Hệ Đóng Góp Ý Kiến Cho Nhóm
► Zalo Angola : +244 949028888 ( Phạm Quang Linh )
► Zalo Việt Nam : +84 986881994 ( Trần Chí Tâm )
► Mail: pqlmmo@gmail.com
► FanPage Chính Chủ: https://www.facebook.com/QuangLinhVlogss
► FaceBook Cá Nhân : https://www.facebook.com/PhamQuangLinh1997Vlogs

► Cảm ơn các bạn đã xem clip của tôi. Hãy nhấn đăng ký để ủng hộ mình nhé !
► Kênh hứa hẹn sẽ tạo ra những Video hay nhất cho các bạn xem !
Cảm ơn các bạn đã xem. Tôi yêu các bạn rất nhiều !
#TeamChâuphi  #quanglinhvlogs #lindo

✪ Copyright © #Quanglinhvlogs",16068,210614,717
nUR_UxOE9XQ,2022-09-16,Tặng Cho Gia Đình Lôi Con Thứ Không Thể Thiếu Khi Đi Du Lịch Về Việt Nam ?,"► Mua Áo Của Team Châu Phi : https://shopee.vn/quanglinhstore
► Mua Nước Hoa Tại: https://www.facebook.com/quanglinhstore
Liên Hệ Đóng Góp Ý Kiến Cho Nhóm
► Zalo Angola : +244 949028888 ( Phạm Quang Linh )
► Zalo Việt Nam : +84 986881994 ( Trần Chí Tâm )
► Mail: pqlmmo@gmail.com
► FanPage Chính Chủ: https://www.facebook.com/QuangLinhVlogss
► FaceBook Cá Nhân : https://www.facebook.com/PhamQuangLinh1997Vlogs

► Cảm ơn các bạn đã xem clip của tôi. Hãy nhấn đăng ký để ủng hộ mình nhé !
► Kênh hứa hẹn sẽ tạo ra những Video hay nhất cho các bạn xem !
Cảm ơn các bạn đã xem. Tôi yêu các bạn rất nhiều !
#TeamChâuphi  #quanglinhvlogs #lindo

✪ Copyright © #Quanglinhvlogs",17587,196136,656
